Country,Date of Admission,Country Code,Amount,Public Schools,Private Schools,Pre-school,Primary,Secondary,Source,SourceTag,Data Quality,Time-frame,ISCED Rating
Afghanistan,19/11/1946,AF,2088,,,,,,https://moe.gov.af/en/eqra,"Ministry of Education — EQRA Project, Afghanistan",Okay,2020,Sunstone Map
Albania,14/12/1955,AL,3708,3245,463,2090,1166,452,"https://arsimi.gov.al/wp-content/uploads/2023/11/STATISTICAL-YEARBOOK-ON-EDUCATION-AND-SPORTS-2021-2022-ENG-FINAL.pdf
https://eurydice.eacea.ec.europa.eu/national-education-systems/albania/statistics-educational-institutions","Ministry of Education and Sports — Statistical Yearbook, Albania  |  Eurydice Network, European Commission — Albania",Excel,2021-22,Excel - ISCED
Algeria,10/8/1962,DZ,28253,,,19841,5818,2594,https://www.ons.dz/IMG/pdf/Education2021_2022.pdf,"Office National des Statistiques (ONS), Algeria",Good,2021-22,Sunstone Map
Andorra,28/07/1993,AD,12,,,,,,https://www.educacio.ad/sistema-educatiu-andorra,Ministeri d'Educació (Govern d'Andorra),Re-check,,Sunstone Map
Angola,1/12/1976,AO,10260,10012,248,,,,https://med.gov.ao/fotos/frontend_12/gov_documentos/relatorio_ana_2023_resultados_117211672966a0f9c35a900.pdf,"Ministério da Educação (MED), Angola",Good,2022-23,Sunstone Map
Antigua and Barbuda,11/11/1981,AG,179,52,127,92,60,27,https://statistics.gov.ag/wp-content/uploads/2017/11/Education-Statistical-Digest-2012-2015.pdf,"Statistics Division — Education Statistical Digest, Antigua and Barbuda",Good,2014-15,Sunstone Map
Argentina,24/10/1945,AR,64047,51467,12580,,,,https://data.educacion.gob.ar/escuelas-todos-niveles-modalidades,"Ministerio de Educación — Datos Abiertos, Argentina",Good,2022,Sunstone Map
Armenia,2/3/1992,AM,2660,2269,102,972,1637,51,https://statbank.armstat.am/pxweb/en/ArmStatBank/?rxid=9ba7b0d1-2ff8-40fa-a309-fae01ea885bb,Statistical Committee of the Republic of Armenia (ArmStat),Excel,2023,Sunstone Map
Australia,1/11/1945,AU,9629,6712,2917,,6237,1453,https://www.acara.edu.au/reporting/national-report-on-schooling-in-australia/school-numbers,"Australian Curriculum, Assessment and Reporting Authority (ACARA) — National Report on Schooling",Good,2023,
Austria,14/12/1955,AT,5921,5157,764,,,,https://www.statistik.at/en/statistics/population-and-society/education/school-attendance/schools,Statistics Austria (Statistik Austria),Good,2022,Sunstone Map
Azerbaijan,2/3/1992,AZ,6664,6141,197,1857,4422,151,https://www.stat.gov.az/source/education/?lang=en,State Statistical Committee of the Republic of Azerbaijan,Re-check,2023-24,Sunstone Map
Bahamas,18/09/1973,BS,254,165,89,,,,https://www.bahamas.gov.bs/wps/portal/public/gov/government/contacts/agencies/government%20departments/department%20of%20education/!ut/p/b1/vZTJbqNAEIafZR7AodnhyNosBmxo1osFxgtgDAo7Tz925hKNlMxoNEnXqaW_6qv_PxSWYBGW3NOxuKR90dzT2_OfMAcSQEsQKM6CNGCA7u-2wo7VCE6lsRCL3BjMcmNNshKOVePPUo2b8QnMsQIdNhf9SkEXfpxwppcNliT5LTsaKCluS-_YKBsCB-6M6Van9nDPrWUUh7ZZxdaVsxO0iiQMuV6DbY3LEYSRskaHYrm71ha4hhF1vHoO7DN0by1_1cvTIh-oTQ73471s2YIlyItGgNmeRcmRxjiSM05rOSEPCkuffjzMxQ9z4IMngD95_9X_gcCh_rL_3_khlnwmedvgTfAZ4tMJJoHFDwH7ToACAHQcCK6H7wHn0hjCIkAdvHJp9bVa3RJMOCp1oltFGyAfoFILbL9abT6xkZzsAMANhAIbKa1py4nZ9fIuD1xfFKSh9CXld6BDIP4BlHDG9GngQeKrgZB2uEcELNoJNAGA9O1A_KuA0LH20jNSJD4jJTVNYLYkB6jvBjL_HWhgSZHVL9OxfgEvBA9oDudIhmABR9BYUMbULHf624UChV_mYUzkF2o_FAKZ573uucvt2m37owt10dvXO5LnzwifjkarLj0dx3yOZ75zDruDQaiDeUKQCETG0gJxzzahxSeL2lUyeTUGwVqz-aSxt_mS8nZieXN_7azo1dWTqdkA0VTwDV5lKJdVb1qaND3TDJypFBbgaNwd5TAnEdMeZx_P1EmN50dewIqq47zNheCmVRHXlReyYC_j6yBsNr73yp1lgSJRBB4Xzdaa-oS19WiaW8bV1uhdnYSfJq7tDA!!/dl4/d5/L2dBISEvZ0FBIS9nQSEh/,"Department of Education — Government Portal, The Bahamas",Good,2019-20,Sunstone Map
Bahrain,21/09/1971,BH,481,210,271,,,,https://www.moe.gov.bh/statistics.aspx?lan=en,"Ministry of Education — Statistics, Bahrain",Good,2018-19,Sunstone Map
Bangladesh,17/09/1974,BD,20960,684,20276,,,,https://banbeis.portal.gov.bd/sites/default/files/files/banbeis.portal.gov.bd/npfblock/Bangladesh%20Education%20Statistics%202021_compressed-1-235.pdf,Bangladesh Bureau of Educational Information and Statistics (BANBEIS) — Bangladesh Education Statistics,Re-check,2021,Sunstone Map
Barbados,9/12/1966,BB,163,105,58,,,,https://mes.gov.bb/Welcome-Stamp/Barbados-Education-System.aspx,"Ministry of Education and Technological & Vocational Training, Barbados",Good,2024,Sunstone Map
Belarus,24/10/1945,BY,7012,,,,,,https://www.belstat.gov.by/en/ofitsialnaya-statistika/Demographic-and-social-statistics/Education/,National Statistical Committee of the Republic of Belarus (Belstat),Excel,2023-24,Sunstone Map
Belgium,27/12/1945,BE,10849,,,,,,https://eurydice.eacea.ec.europa.eu/national-education-systems/belgium-flemish-community/statistics-educational-institutions,"Eurydice Network, European Commission — Belgium (Flemish Community)",Excel,2017,Excel - ISCED
Belize,25/09/1981,BZ,612,494,127,225,317,70,https://experience.arcgis.com/experience/66524e5c99504ab0b2ade424b38a7001,"Ministry of Education, Culture, Science and Technology — Directory of Schools (ArcGIS), Belize",Good,2024,Sunstone Map
Benin,20/09/1960,BJ,15676,,,2829,11090,1757,https://instad.bj/images/docs/insae-publications/annuelles/AS-INSAE/6.%20Annee_2020/Annuaire%202020.pdf,"Institut National de la Statistique et de la Démographie (INStaD / ex-INSAE) — Annuaire Statistique, Benin",Good,2020,Sunstone Map
Bhutan,21/09/1971,BT,1200,,36,492,320,213,https://www.mfa.gov.bt/pmbny/wp-content/uploads/2021/12/BAG-2021-Final.pdf,"Royal Government of Bhutan — Bhutan at a Glance 2021 (via Permanent Mission of Bhutan to the UN, New York)",Excel,2021,Sunstone Map
Bolivia (Plurinational State of),14/11/1945,BO,16178,15343,835,,,,https://reportes.sie.gob.bo/reporteestadistico/informacion/general/regular/unidad/educativa,"Sistema de Información Educativa (SIE), Ministerio de Educación, Bolivia",Excel,2024,Sunstone Map
Bosnia and Herzegovina,22/05/1992,BA,2550,,,,,,https://eurydice.eacea.ec.europa.eu/national-education-systems/bosnia-and-herzegovina/statistics-educational-institutions,"Eurydice Network, European Commission — Bosnia and Herzegovina",Excel,2019-20,Excel - ISCED
Botswana,17/10/1966,BW,2422,1671,621,1305,822,295,https://www.statsbots.org.bw/publication-by-sector/education,Statistics Botswana,Excel,2022,Excel - ISCED
Brazil,24/10/1945,BR,178476,136921,41555,,,,https://www.gov.br/inep/pt-br/acesso-a-informacao/dados-abertos/inep-data/estatisticas-censo-escolar,"INEP — Estatísticas Censo Escolar (Instituto Nacional de Estudos e Pesquisas Educacionais Anísio Teixeira), Brazil",Good,2023,Sunstone Map
Brunei Darussalam,21/09/1984,BN,251,175,76,,,,https://www.moe.gov.bn/DocumentDownloads/Education%20Statistics%20and%20Indicators%20Handbook/Brunei%20Darussalam%20Education%20Statistics%20and%20Indicators%20Handbook%202018.pdf,"Ministry of Education — Education Statistics and Indicators Handbook, Brunei Darussalam",Good,2018,Sunstone Map
Bulgaria,14/12/1955,BG,4458,3945,513,1827,1325,1306,https://www.nsi.bg/en/content/3544/educational-institutions-type-and-kind-ownership,"National Statistical Institute (NSI), Bulgaria",Excel,2023-24,Sunstone Map
Burkina Faso,20/09/1960,BF,16367,,,,,,"https://burkinafaso.opendataforafrica.org/data/#topic=Education+et+formation
https://burkinafaso.opendataforafrica.org/mxpuqdg/evolution-des-nombres-d-%C3%A9tablissements-et-de-classes-de-l-enseignement-secondaire-technique-et-profe
https://burkinafaso.opendataforafrica.org/xnzntaf/evolution-des-structures-d-encadrement-de-la-petite-enfance-selon-le-type
https://burkinafaso.opendataforafrica.org/cvbkpse/evolution-des-nombres-d-%C3%A9coles-et-de-salles-de-classe-du-primaire-des-secteurs-priv%C3%A9-et-public-par-r",Open Data for Africa — Burkina Faso (INSD data),Good,2022,
Burundi,18/09/1962,BI,5351,4991,360,581,3656,1114,https://mesrs.gov.bi/wp-content/uploads/2024/07/Annuaire_2011_2012_Secondaire_Metfinal.pdf,"Ministère de l'Éducation Nationale et de la Recherche Scientifique (MESRS) — Annuaire Statistique, Burundi",Good,2011,Sunstone Map
Cabo Verde,16/09/1975,CV,997,738,259,546,392,59,https://minedu.gov.cv/media/estatistica/2023/08/29/Anuario_2020-21_oficial.pdf,"Ministério da Educação — Anuário Estatístico, Cabo Verde",Good,2020-21,Sunstone Map
Cambodia,14/12/1955,KH,15347,13681,1666,5251,7961,2135,"https://moeys.gov.kh/en/education-statistics/document-2105  
https://moeys.gov.kh/en/education-statistics/document-9113 ","Ministry of Education, Youth and Sport (MoEYS), Cambodia",Excel,2021-22,Sunstone Map
Cameroon,20/09/1960,CM,39253,20414,17572,12468,22074,4711,https://ins-cameroun.cm/wp-content/uploads/2023/12/Annuaire-Sectoriel-de-lEducation-et-Formation-CMR-2022-VF-13.11.2023.pdf,"Institut National de la Statistique (INS) — Annuaire Sectoriel de l'Éducation, Cameroon",Good,2021-22,Sunstone Map
Canada,9/11/1945,CA,18982,,,,,,https://www150.statcan.gc.ca/n1/en/pub/37-26-0001/2022001/ODEF_v2.1.zip,Statistics Canada — Open Database of Educational Facilities (ODEF),Good,2024,Sunstone Map
Central African Republic,20/09/1960,CF,14113,,,,,,https://car.opendataforafrica.org/plskagb/etablissement-d-enseignement?indicateur=%C3%89ducation%20secondaire%2C%20nombre%20d%E2%80%99enseignants%20enseignants,Open Data for Africa — Central African Republic,Okay,2017,
Chad,20/09/1960,TD,14954,,,383,11829,2742,https://chad.opendataforafrica.org/pkaktzf/statistiques-scolaires-du-tchad,Open Data for Africa — Chad,Good,2021,
Chile,24/10/1945,CL,16659,,,,,,https://datosabiertos.mineduc.cl/directorio-de-establecimientos-educacionales/,"Ministerio de Educación — Datos Abiertos (Directorio de Establecimientos), Chile",Good,2024,
China,24/10/1945,CN,518500,,178300,289200,201600,,http://www.moe.gov.cn/jyb_sjzl/sjzl_fztjgb/202307/t20230705_1067278.html,Ministry of Education of the People's Republic of China,Good,2022,
Colombia,5/11/1945,CO,80115,,,7023,31356,41736,https://portalsineb.mineducacion.gov.co/portal/secciones/Publicaciones/412173:Anuario-estadistico-de-Educacion-Preescolar-Basica-y-Media-2015-2022,"Ministerio de Educación Nacional — Portal SINEB (Anuario Estadístico), Colombia",Good,2022,
Comoros,12/11/1975,KM,,,,,,,https://www.inseed-comores.org/,"Institut National de la Statistique et des Études Économiques et Démographiques (INSEED), Comoros",,,
Congo,20/09/1960,CG,6128,2289,3839,1838,4020,270,https://liziba.cg/wp-content/uploads/2021/05/ASN-CH8-Statistiques-de-l039Education....pdf,"Annuaire Statistique National (ASN) — Chapter 8: Education (via Liziba.cg), Republic of the Congo",Re-check,2018,
Costa Rica,2/11/1945,CR,6268,,,,,,CostaRica - Number_of_Institutions_2024.xlsx,"Local file — Ministerio de Educación Pública (MEP), Costa Rica",Okay,2024,
Côte D'Ivoire,20/09/1960,CI,10856,656,318,974,9882,825,https://www.ins.ci/templates/Pub/annuaire%20demo.pdf,"Institut National de la Statistique (INS), Côte d'Ivoire",Okay,2007-8,
Croatia,22/05/1992,HR,2155,2071,84,,,,https://eurydice.eacea.ec.europa.eu/national-education-systems/croatia/statistics-educational-institutions,"Eurydice Network, European Commission — Croatia",Excel,2022,
Cuba,24/10/1945,CU,,,,,,,,— (no source provided),,,
Cyprus,20/09/1960,CY,1117,848,269,536,367,141,"https://www.moec.gov.cy/dde/en/statistics.html 
https://sch.cy/mc/363/en_private_primary.pdf  
https://sch.cy/mc/363/en_private_preprimary.pdf 
https://www.moec.gov.cy/dme/en/ ","Ministry of Education, Sport and Youth (MoEC), Cyprus",Good,2023-24,Sunstone Map
Czechia,19/01/1993,CZ,10978,9760,1072,5398,4276,1304,https://csu.gov.cz/materske-zakladni-a-stredni-skoly?pocet=10&start=0&podskupiny=231&razeni=-datumVydani,"Czech Statistical Office (Český statistický úřad, ČSÚ)",Good,2023-24,Sunstone Map+ISCED
Democratic People's Republic of Korea,17/09/1991,KP,9400,,,,4800,4600,https://kosis.kr/upsHtml/upload/Magazine/NEW/IF/bukhanY19.pdf,"Statistics Korea — North Korea Statistics Portal (KOSIS), for DPRK",Excel,2018,
Democratic Republic of the Congo,20/09/1960,CD,27992,24312,3680,90,19319,8583,https://documents1.worldbank.org/curated/fr/277181468025495019/pdf/343810PAPER0DR101OFFICIAL0USE0ONLY1.pdf,"World Bank — Country Report, Democratic Republic of the Congo",Okay,2001,
Denmark,24/10/1945,DK,6317,4241,2076,3849,2173,295,https://eurydice.eacea.ec.europa.eu/national-education-systems/denmark/statistics-educational-institutions,"Eurydice Network, European Commission — Denmark",Excel,2021,
Djibouti,20/09/1977,DJ,331,231,100,,202,129,https://instad.dj/indice/annuaire_statistique,Institut National de la Statistique de Djibouti (INSTAD),Excel,2022,Sunstone Map
Dominica,18/12/1978,DM,76,,,,60,15,https://stats.gov.dm/subjects/education/,"Central Statistics Office, Dominica",Good,2011-12,Sunstone Map
Dominican Republic,24/10/1945,DO,9195,6357,2838,,,,https://www.one.gob.do/datos-y-estadisticas/temas/estadisticas-sociales/educacion/,"Oficina Nacional de Estadística (ONE), Dominican Republic",Good,2022-23,
Ecuador,21/12/1945,EC,15997,,,,,,https://www.ecuadorencifras.gob.ec/cuenta-satelite-de-los-servicios-de-educacion/,Instituto Nacional de Estadística y Censos (INEC) — Ecuador en Cifras,Okay,2022-23,
Egypt,24/10/1945,EG,60254,49804,10450,13063,33570,7596,https://www.capmas.gov.eg/Pages/Publications.aspx?page_id=5104&Year=23636,"Central Agency for Public Mobilization and Statistics (CAPMAS), Egypt",Excel,2023,Sunstone Map
El Salvador,24/10/1945,SV,6031,5285,746,,,,https://www.mined.gob.sv/2023/06/12/estadisticas-educativas/,"Ministerio de Educación (MINED) — Estadísticas Educativas, El Salvador",Okay,2023,No data
Equatorial Guinea,12/11/1968,GQ,2301,1221,1080,1017,961,323,https://inege.org/?page_id=396#50-educacion,"Instituto Nacional de Estadística de Guinea Ecuatorial (INEGE), Equatorial Guinea",Good,2020-21,Sunstone Map
Eritrea,28/05/1993,ER,1131,,,,,,https://shabait.com/2021/07/07/eritrean-resilience-in-education/,Shabait — Eritrea Ministry of Information (Official News Outlet),Good,2020,No data
Estonia,17/09/1991,EE,1146,,,,,,https://www.hm.ee/en/ministry/statistics-and-analysis,"Ministry of Education and Research (Haridus- ja Teadusministeerium), Estonia",Good,2021-22,
Eswatini,24/09/1968,SZ,817,,,,600,217,https://www.gov.sz/index.php/departments-sp-799263136/primary-education,"Ministry of Education and Training — Primary Education Department, Eswatini",Okay,2020,
Ethiopia,13/11/1945,ET,56622,48324,8298,11101,37410,8111,https://sip.moe.gov.et/schools,"Ministry of Education — School Information Portal (SIP), Ethiopia",Good,2024,Sunstone Map
Fiji,13/10/1970,FJ,908,,,,736,172,https://www.parliament.gov.fj/wp-content/uploads/2020/10/WR-126-of-2020.pdf,Parliament of the Republic of Fiji — Written Reply,Good,2020,Sunstone Map
Finland,14/12/1955,FI,2428,,,,2058,370,https://stat.fi/media/uploads/tup/oppilaitosrekisteri/oppilaitosrekisteri_tyyppi_2023_en.pdf,Statistics Finland (Tilastokeskus) — Register of Educational Institutions,Excel,2023,Excel - ISCED
France,24/10/1945,FR,62749,52701,10048,30338,27351,5060,https://eurydice.eacea.ec.europa.eu/national-education-systems/france/statistics-educational-institutions,"Eurydice Network, European Commission — France",Good,2023,Excel - ISCED
Gabon,20/09/1960,GA,2992,2953,39,742,1900,350,https://www.statgabon.ga/wp-content/uploads/2020/01/SANTE-EDUCATION-ET-DEVELOPPEMENT-HUMAIN.pdf,Direction Générale de la Statistique (StatGabon / INSTAT Gabon),Okay,2020,ISCED
Gambia (Republic of The),21/09/1965,GM,2619,,,1380,1632,193,https://mobse.forte-data.com/,"Ministry of Basic and Secondary Education (MoBSE) — Forte Data Platform, The Gambia",Excel,2019,Sunstone Map
Georgia,31/07/1992,GE,2296,,,,,,https://pc-axis.geostat.ge/PXweb/pxweb/en/Database/Database__Social%20Statistics__Education__School/Schools_by_Stages_and_regions.px/table/tableViewLayout2/?rxid=cf0de3d5-63c0-4c6b-a3e3-acf4bcabc782,National Statistics Office of Georgia (GeoStat) — PC-Axis Database,Good,2023-24,Sunstone map
Germany,18/09/1973,DE,87291,,,56300,18305,11830,https://eurydice.eacea.ec.europa.eu/national-education-systems/germany/statistics-educational-institutions,"Eurydice Network, European Commission — Germany",Excel,2023,Excel - ISCED
Ghana,8/3/1957,GH,28080,16135,11945,,18530,9550,https://www.gipc.gov.gh/wp-content/uploads/2022/12/Ghanas-Education-Sector-Report.pdf,Ghana Investment Promotion Centre (GIPC) — Ghana's Education Sector Report,Good,2020,
Greece,25/10/1945,GR,13538,12378,1160,5848,4538,3152,https://eurydice.eacea.ec.europa.eu/national-education-systems/greece/statistics-educational-institutions,"Eurydice Network, European Commission — Greece",Excel,2022,Excel - ISCED
Grenada,17/09/1974,GD,224,,,65,56,,https://oecs.int/en/our-work/knowledge/library/grenada-statistical-digest-2012-2013/viewdocument/83,Organisation of Eastern Caribbean States (OECS) — Grenada Statistical Digest,Good,2012-13,
Guatemala,21/11/1945,GT,92529,,,,,,https://datosabiertos.mineduc.gob.gt/dataset/informacion-de-establecimientos-educativos-del-2013-al-2022/resource/c6b1505e-bcb7-46bf-88eb-c0b1823c1835,"Ministerio de Educación — Datos Abiertos, Guatemala",Good,2014,
Guinea,12/12/1958,GN,15613,7454,5290,2384,9893,3336,https://www.invest.gov.gn/page/education?onglet=presentation,"Agence de Promotion des Investissements Privés (APIP) — Invest.gov.gn, Guinea",Good,2017,
Guinea Bissau,17/09/1974,GW,1675,,,,,,https://www.stat-guinebissau.com/Menu_principal/Pubica%C3%A7%C3%B5es/anuario/educacao/anuario_estatistico_2014-15_unicef_GB.PDF,"Instituto Nacional de Estatística (INE) — Anuário Estatístico da Educação (in collaboration with UNICEF), Guinea-Bissau",Okay,2014-15,
Guyana,20/09/1966,GY,1169,,,507,445,217,https://education.gov.gy/web2/index.php/or/digest-of-education-statistics/2019-2020/6760-statistical-digest-2019-2020/file,"Ministry of Education — Education Statistical Digest, Guyana",Good,2019,
Haiti,24/10/1945,HT,18363,3405,14933,,,333,https://sigeee.menfp.gouv.ht/census/dashboard/ecole,"Système d'Information pour la Gestion de l'Éducation (SIGEEE), Ministère de l'Éducation Nationale et de la Formation Professionnelle (MENFP), Haiti",Good,2023,
Honduras,17/12/1945,HN,26585,23102,3483,11226,13218,2141,https://www.se.gob.hn/media/files/usinieh/documentos/INFORME_2018_Version_final.pdf,"Secretaría de Educación — USINIEH, Honduras",Good,2018,
Hungary,14/12/1955,HU,10421,,,4577,3550,2294,https://www.ksh.hu/stadat_eng?lang=en&theme=okt,"Hungarian Central Statistical Office (Központi Statisztikai Hivatal, KSH)",Good,2023-24,
Iceland,19/11/1946,IS,495,,,261,175,59,https://px.hagstofa.is/pxen/pxweb/en/Samfelag/Samfelag__skolamal/,Statistics Iceland (Hagstofa Íslands) — PX-Web Database,Good,2023-24,
India,30/10/1945,IN,1489115,1104866,384249,,1196265,292850,https://dashboard.udiseplus.gov.in/#/home,"UDISE+ Dashboard (Unified District Information System for Education Plus), Ministry of Education, India",Good,2021-22,
Indonesia,28/09/1950,ID,219462,,,31 049,148975,70487,"https://web-api.bps.go.id/download.php?f=nN6rXxz4Pgl96T13qPVedGlFVHZmbUs4eWFlMngyOWtqVHhrOSs3Lzc3RE04MjFITllHT1F0cC9VQ1krWnBSWXdIWnExZWlWUHppVjljdktnN1RwcUtENnIvdFZoQ1VZaWFvazJWWmsxeDFrQlR4bVJZdDVwa2lTajJFWHBLYzhvaVJrVC9CWCtSTnU0UGNJaEd1Z2QvN2FWMG1HS3U2QTArRUpOTWo5Q0hndGczODAwMmY4ald0eWNTZmp0T3ZsT3RWaVk2V0c5NG1TKzU3SE00bFhxeHNHRk9xRlkxejJDb2hFcnlwWVJUVE5LWGNxZFUxT05ZdzNSVlI0dll2aDlhTlNiMTJBUkFuMEtiTGg=&_gl=1*1fu8z61*_ga*Nzg1NjgyNjYzLjE3Mjk2ODEyNDQ.*_ga_XXTTVXWHDB*MTcyOTY4MTI0My4xLjEuMTcyOTY4MzQxMC4wLjAuMA..

https://www.bps.go.id/en/statistics-table/3/U21OeFduRnplbWN2Y1VrdmRuZFViVEpHYzJSUWR6MDkjMw==/number-of-schools--teachers--and-pupils-in-raudatul-athfal--ra--under-the-ministry-of-religious-affairs-by-province--2022.html?year=2022",Badan Pusat Statistik (BPS-Statistics Indonesia),Good,2023-24,
Iran (Islamic Republic of),24/10/1945,IR,114435,,,,68548,45887,"https://iranopendata.org/en/dataset/iod-05294-number-schools-classrooms-in-primary-secondary-level-1400/
https://amarfact.com/statistics/percentage-distribution-schools-by-type/ ",Iran Open Data  |  AmarFact (Iran statistics portal),Okay,2021-22,
Iraq,21/12/1945,IQ,12553,,,566,11709,278,https://www.irfad.org/ar/%D8%A7%D9%84%D8%AA%D8%B9%D9%84%D9%8A%D9%85-%D9%81%D9%8A-%D8%A7%D9%84%D8%B9%D8%B1%D8%A7%D9%82-%D8%A8%D9%8A%D9%86-%D8%A7%D9%84%D9%85%D8%A7%D8%B6%D9%8A-%D9%88%D8%A7%D9%84%D8%AD%D8%A7%D8%B6%D8%B1/,"Iraqi Research Foundation for Analysis and Development (IRFAD) — third-party source, Iraq",Okay,2001,
Ireland,14/12/1955,IE,7928,,,3970,3231,727,"https://www.gov.ie/pdf/?file=https://assets.gov.ie/289901/66bf9068-8a83-4bf8-86d4-d3aba60ef7d1.pdf#page=null
https://www.gov.ie/pdf/?file=https://assets.gov.ie/291124/1d4fc674-65df-4a06-bfb2-42b5418a7414.pdf#page=null",Department of Education and Youth (gov.ie) — Ireland,Good,2022-23,
Israel,11/5/1949,IL,3746,1853,,,1972,1666,https://www.cbs.gov.il/he/publications/doclib/2007/musadot_hinuh04/pdf/t09b.pdf,"Central Bureau of Statistics (CBS), Israel",Okay,37712,
Italy,14/12/1955,IT,53865,43125,10740,22283,16653,14929,"https://esploradati.istat.it/databrowser/#/en/dw/categories/IT1,Z0820EDU,1.0/DCIS_SCUOLE/IT1,52_1044_DF_DCIS_SCUOLE_1,1.0",Italian National Institute of Statistics (ISTAT) — Data Browser,Good,2022,
Jamaica,18/09/1962,JM,1363,971,392,327,799,237,https://moey.gov.jm/wp-content/uploads/2020/05/Directory-of-Educational-Institutions-2018-19-1.pdf,"Ministry of Education and Youth (MoEY) — Directory of Educational Institutions, Jamaica",Good,2018-19,
Japan,18/12/1956,JP,51171,36898,14273,15768,20510,14893,https://www.stat.go.jp/english/data/nenkan/73nenkan/1431-25.html,Statistics Bureau of Japan — Statistical Yearbook of Japan,Excel,2022,Sunstone map
Jordan,14/12/1955,JO,7505,4110,3234,,,,https://jorinfo.dos.gov.jo/Databank/pxweb/en/PopulationStatistics/PopulationStatistics__Education/Edu_02.px/table/tableViewLayout2/,"Department of Statistics (DOS) — JorInfo Databank, Jordan",Okay,2022-23,
Kazakhstan,2/3/1992,KZ,19179,,,11346,,7833,https://stat.gov.kz/en/industries/social-statistics/stat-edu-science-inno/,"Bureau of National Statistics, Agency for Strategic Planning and Reforms, Kazakhstan",Okay,2023,
Kenya,16/12/1963,KE,88506,60973,27533,46652,31464,10390,https://www.education.go.ke/sites/default/files/Docs/The%20Basic%20Education%20Statistical%20Booklet%202020%20(1).pdf,"Ministry of Education — Basic Education Statistical Booklet, Kenya",Good,2020,
Kiribati,14/09/1999,KI,439,123,,299,97,43,https://drive.google.com/file/d/1rSeEvo5mXKiOvD89ms20CuGL70b5c_lL/view,"Ministry of Education — Education Statistics (Google Drive document), Kiribati",Good,2020,Sunstone Map
Kuwait,14/05/1963,KW,1266,970,296,,,,https://testeservices.moe.edu.kw/app/dashboard/all_dashboard_tis.xhtml#allschool,"Ministry of Education — Schools Dashboard, Kuwait",Good,2024,
Kyrgyzstan,2/3/1992,KG,3140,3140,0,1156,1756,228,https://open.edu.gov.kg/index.php,"Ministry of Education and Science — Open Data Portal, Kyrgyzstan",Good,2024,
Lao People‚Äôs Democratic Republic,14/12/1955,LA,14124,13099,1025,3531,8757,1836,Annual School Census - 2021-2022.pdf,"Local file — Ministry of Education and Sports, Annual School Census (Laos)",Good,2021-22,
Latvia,17/09/1991,LV,1293,,,622,310,361,https://stat.gov.lv/en/statistics-themes/education,Central Statistical Bureau of Latvia (Latvijas Statistika),Good,2023,
Lebanon,24/10/1945,LB,2796,,,,,,https://www.trade.gov/country-commercial-guides/lebanon-education-and-training-services-industry-snapshot#:~:text=Lebanon%20has%202%2C796%20schools.,U.S. International Trade Administration (Trade.gov) — Lebanon Country Commercial Guide (third-party source),Okay,2020,
Lesotho,17/10/1966,LS,3934,3521,413,2094,1486,354,http://www.education.gov.ls/img/EDUCATION%202020%20Final%2001%20June%202023.pdf,"Ministry of Education and Training, Lesotho",Okay,2020,
Liberia,2/11/1945,LR,15402,6110,5401,5851,6113,3438,https://educateherlib.com/wp-content/uploads/2022/09/Annual-School-Census-2019-20-Report.pdf,"Educate Her Liberia — Annual School Census Report (Ministry of Education, Liberia)",Excel,2019-20,
Libya,14/12/1955,LY,6383,,,,,,https://febp.ly/%D8%A7%D9%84%D8%AA%D8%B9%D9%84%D9%8A%D9%85-%D8%A3%D9%83%D8%AD%D8%AB%D8%B1-%D9%85%D9%86-2-%D9%85%D9%84%D9%8A%D9%88%D9%86-%D8%B7%D8%A7%D9%84%D8%A8-%D9%88%D8%B7%D8%A7%D9%84%D8%A8%D8%A9-%D9%81%D9%8A/,"FEBP.ly (Libyan news/media outlet) — third-party source, Libya",Okay,2023-24,
Liechtenstein,18/09/1990,LI,61,25,14,,,,https://eurydice.eacea.ec.europa.eu/national-education-systems/liechtenstein/statistics-educational-institutions,"Eurydice Network, European Commission — Liechtenstein",Good,2020-21,
Lithuania,17/09/1991,LT,968,868,100,,,,https://osp.stat.gov.lt/EN/statistiniu-rodikliu-analize?hash=b331cbcd-c8ae-4560-b695-f7380924efcc#/,Official Statistics Portal (OSP) — Statistics Lithuania,Good,2023-2024,
Luxembourg,24/10/1945,LU,428,388,40,180,192,56,https://eurydice.eacea.ec.europa.eu/national-education-systems/luxembourg/statistics-educational-institutions,"Eurydice Network, European Commission — Luxembourg",Good,2022,Excel - ISCED
Madagascar,20/09/1960,MG,43095,,,,,,https://www.instat.mg/p/men-annuaire-statistique-de-leducation-2022-2023,"Institut National de la Statistique (INSTAT) — Annuaire Statistique de l'Éducation, Madagascar",Good,2022-23,
Malawi,1/12/1964,MW,8728,7228,1500,,6954,1774,https://www.education.gov.mw/#,"Ministry of Education, Malawi",Okay,2022-23,
Malaysia,17/09/1957,MY,16288,13935,2353,6096,7776,2416,https://www.moe.gov.my/storage/files/shares/laporan_dan_statistik/perangkaan_pendidikan/Perangkaan%20Pendidikan%20Malaysia%202017.pdf?_t=1686283920,Ministry of Education — Perangkaan Pendidikan Malaysia (Education Statistics),Good,2017,
Maldives,21/09/1965,MV,273,215,58,,,,https://www.moe.gov.mv/storage/files/statistics/1729065579817-STAT%20BOOK%202021-2022%20-%20V2.1-ready.pdf,"Ministry of Education — School Statistics, Maldives",Good,2022,
Mali,28/09/1960,ML,20508,,,,14373,6126,https://www.instat-mali.org/storage/171/anuair20_pub.pdf,"Institut National de la Statistique (INSTAT) — Annuaire Statistique, Mali",Good,2020,
Malta,1/12/1964,MT,280,,,,,,https://nso.gov.mt/wp-content/uploads/Statistics_on_Pre-primary-primary-and-Secondary-Formal-Education.pdf,"National Statistics Office (NSO), Malta",Excel,2016-17,
Marshall Islands,17/09/1991,MH,112,86,26,,,,https://spccfpstore1.blob.core.windows.net/digitallibrary-docs/files/8e/8ee73441f0c0ecf0fc3f9284377adace.pdf?sv=2015-12-11&sr=b&sig=2lUwixcjoo4xd86e1e%2BLx9aOr9O40%2BldoviNiShE%2F2Y%3D&se=2025-02-10T14%3A29%3A59Z&sp=r&rscc=public%2C%20max-age%3D864000%2C%20max-stale%3D86400&rsct=application%2Fpdf&rscd=inline%3B%20filename%3D%22RMI_Education_Digest_2020.pdf%22,"Pacific Community (SPC) — Digital Library, RMI Education Digest (Marshall Islands)",Good,2020,
Mauritania,27/10/1961,MR,4366,,,,3797,569,https://ons.mr/images/Archive/doc/publication/Annuaire_Statistique_2016.pdf,"Office National de la Statistique (ONS) — Annuaire Statistique, Mauritania",Okay,2016,
Mauritius,24/04/1968,MU,1273,,,769,325,179,"https://statsmauritius.govmu.org/Pages/Statistics/ESI/Education/Edu_Yr23.aspx#:~:text=As%20at%20March%202023%2C%20there,and%201%2C166%20Oriental%20Language%20teachers.",Statistics Mauritius,Good,2023,
Mexico,7/11/1945,MX,258193,,,,,,https://en.www.inegi.org.mx/app/tabulados/interactivos/?pxq=Educacion_Educacion_07_ad77391a-e68c-4f92-966b-3a5839d0a19e,"Instituto Nacional de Estadística y Geografía (INEGI), Mexico",Excel,2023-24,
Micronesia (Federated States of),17/09/1991,FM,187,,,25,130,32,https://www.national.doe.fm/wp-content/uploads/2023/03/National_JEMCO_21_Indicators_13-14.pdf,"National Department of Education (NDOE) — JEMCO Indicators, Federated States of Micronesia",Good,2014,
Monaco,28/05/1993,MC,16,10,6,,,,https://www.monacostatistics.mc/Population-and-employment/Education,Monaco Statistics (IMSEE — Institut Monégasque de la Statistique et des Études Économiques),Good,2023-24,
Mongolia,27/10/1961,MN,2281,,,1410,871,,"https://moe.gov.mn/post/134643 
https://moe.gov.mn/post/152276 ","Ministry of Education, Mongolia",Good,2023-24,Sunstone Map
Montenegro,28/06/2006,ME,291,242,49,,,,https://eurydice.eacea.ec.europa.eu/national-education-systems/montenegro/statistics-educational-institutions,"Eurydice Network, European Commission — Montenegro",Good,2023-24,Excel - ISCED
Morocco,12/11/1956,MA,59723,,,,,,https://www.men.gov.ma/Ar/Documents/REC-STAT2020-21.pdf,"Ministère de l'Éducation Nationale (MEN) — Recueil Statistique, Morocco",Okay,2020-21,
Mozambique,16/09/1975,MZ,21891,14265,726,,14069,922,https://www.mined.gov.mz/estatisticas.php,"Ministério da Educação e Desenvolvimento Humano (MINEDH), Mozambique",Good,2024,
Myanmar,19/04/1948,MM,47363,,483,,35650,9737,https://planipolis.iiep.unesco.org/sites/default/files/ressources/myanmar_nesp-english_summary.pdf,UNESCO IIEP (International Institute for Educational Planning) — Planipolis: Myanmar NESP,Good,2016,
Namibia,23/04/1990,NA,1954,1708,246,,1083,223,https://moe.gov.na/wp-content/uploads/2023/01/EMIS-2021-Report-1.pdf,"Ministry of Education — EMIS Report, Namibia",Good,2023,
Nauru,14/09/1999,NR,10,9,1,4,3,3,https://stats.gov.nr/documents/?q=education&catid=0&show_pagination=1&paged=1&limit=20,Nauru Bureau of Statistics,Excel,2020,
Nepal,14/12/1955,NP,36992,,,,,,"https://cehrd.gov.np/infocenter/17
https://emis.cehrd.gov.np/#","Centre for Education and Human Resource Development (CEHRD) — EMIS, Nepal",Good,2024,
Netherlands (Kingdom of the),10/12/1945,NL,7262,7262,,,6563,699,https://www.cbs.nl/en-gb/figures/detail/03753eng,"Statistics Netherlands (Centraal Bureau voor de Statistiek, CBS)",Good, 2023-24,
New Zealand,24/10/1945,NZ,2538,,,,1935,374,https://www.educationcounts.govt.nz/statistics/number-of-schools,"Education Counts, Ministry of Education, New Zealand",Good,2023,
Nicaragua,24/10/1945,NI,22287,19497,2790,9885,10183,2193,https://www.inide.gob.ni/docs/Anuarios/Anuario2022/ANUARIO_ESTADISTICO2022.pdf,"Instituto Nacional de Información de Desarrollo (INIDE) — Anuario Estadístico, Nicaragua",Good,2022,
Niger,20/09/1960,NE,19304,,,2083,16000,1221,https://www.fafo.no/images/pub/2016/20574.pdf,Fafo Institute for Labour and Social Research (Norway) — research publication on Niger (third-party source),Okay,2016,
Nigeria,7/10/1960,NG,171027,81476,89551,,132810,38217,https://ubec.gov.ng/fact-sheet/,"Universal Basic Education Commission (UBEC) — Fact Sheet, Nigeria",Good,2022,
North Macedonia,8/4/1993,MK,649,588,61,122,368,159,https://eurydice.eacea.ec.europa.eu/national-education-systems/republic-north-macedonia/statistics-educational-institutions,"Eurydice Network, European Commission — North Macedonia",Good,2023,
Norway,27/11/1945,NO,8590,5409,3181,5420,1506,923,https://www.ssb.no/en/utdanning/utdanningsniva/artikler/facts-about-education-in-norway-2024/_/attachment/inline/7734fb9f-34ae-447d-8759-3bdb7c971de7:fca1fc0617e80c508527452af9e23cd4aecfe04e/FOU-2024_en_web.pdf,"Statistics Norway (Statistisk sentralbyrå, SSB) — Facts about Education in Norway",Good,2022,ISCED Mapping
Oman,7/10/1971,OM,1124,,,,,,https://www.educouncil.gov.om/en/page.php?scrollto=start&id=15,"Education Council, Sultanate of Oman",Okay,2019,
Pakistan,30/09/1947,PK,257011,,,,,,https://pie.gov.pk/SiteImage/Downloads/PES%20Highlights%202021-22%20New.pdf,Pakistan Institute of Education (PIE) — Pakistan Education Statistics (PES),Excel,2021-22,
Palau,15/12/1994,PW,24,17,7,,18,6,https://chm.cbd.int/api/v2013/documents/DE44BE2F-EF57-5291-333E-719F69BD16B0/attachments/212223/2016_Palau_Education%20Statistical%20Yearbook.pdf,Ministry of Education — Palau Education Statistical Yearbook (hosted on CBD Clearing-House Mechanism),Good,2016,
Panama,13/11/1945,PA,3113,,,,,,https://www.telemetro.com/nacionales/meduca-inicia-ano-escolar-mas-993000-estudiantes-n5971292,"Telemetro — news article citing MEDUCA (Ministry of Education), Panama",Okay,2024,
Papua New Guinea,10/10/1975,PG,7058,,,,,,https://www.education.gov.pg/opendata/Summary/,"Department of Education — Open Data, Papua New Guinea",Good,,
Paraguay,24/10/1945,PY,10120,,,5816,7689,2723,https://mapaescolar.mec.gov.py/mapa_escolar/contenido/datos_educativos,"Ministerio de Educación y Ciencias (MEC) — Mapa Escolar, Paraguay",Good,2023,
Peru,31/10/1945,PE,110910,,,,,,https://www.inei.gob.pe/estadisticas/indice-tematico/sociales/,"Instituto Nacional de Estadística e Informática (INEI), Peru",Good,2022-23,
Philippines,24/10/1945,PH,60429,,,,49747,10682,https://www.deped.gov.ph/wp-content/uploads/2022/08/6-Data-Bits-Number-of-Schools-Jun.pdf,"Department of Education (DepEd) — Data Bits, Philippines",Good,2021-22,
Poland,24/10/1945,PL,34345,,,,,,"https://stat.gov.pl/en/topics/education/education/education-in-the-school-year-20232024-preliminary-data,13,2.html","Statistics Poland (Główny Urząd Statystyczny, GUS)",Good,2023-24,
Portugal,14/12/1955,PT,3366,839,2527,1781,688,571,https://eurydice.eacea.ec.europa.eu/national-education-systems/portugal/statistics-educational-institutions,"Eurydice Network, European Commission — Portugal",Good,2021-22,
Qatar,21/09/1971,QA,1182,317,864,494,512,176,https://www.psa.gov.qa/en/statistics/Statistical%20Releases/Social/Education/2022/Education_Statistical_Pro%EF%AC%81le_2022_EN.pdf,"Planning and Statistics Authority (PSA) — Education Statistical Profile, Qatar",Good,2022,
Republic of Korea,17/09/1991,KR,19850,14088,5671,8388,8999,2463,https://english.moe.go.kr/sub/info.do?m=050101&page=050101&num=1&s=english,"Ministry of Education, Republic of Korea",Excel,2023,
Republic of Moldova,2/3/1992,MD,2720,,,1479,848,393,"https://statbank.statistica.md/PxWeb/pxweb/en/30%20Statistica%20sociala/30%20Statistica%20sociala__07%20INV__INV020/INV020200.px/table/tableViewLayout2/?rxid=0f776e51-2661-420c-b507-c453ecf00d4ahttps://statbank.statistica.md/PxWeb/pxweb/en/30%20Statistica%20sociala/30%20Statistica%20sociala__07%20INV__INV030/INV030100.px/table/tableViewLayout2/?rxid=0f776e51-2661-420c-b507-c453ecf00d4a 
https://statbank.statistica.md/PxWeb/pxweb/en/30%20Statistica%20sociala/30%20Statistica%20sociala__07%20INV__INV040/INV040100.px/table/tableViewLayout2/?rxid=0f776e51-2661-420c-b507-c453ecf00d4a","National Bureau of Statistics (Biroul Național de Statistică) — Statbank, Moldova",Good,2023,
Romania,14/12/1955,RO,7102,6180,922,1310,7978,1553,http://statistici.insse.ro:8077/tempo-online/#/pages/tables/insse-table,"National Institute of Statistics (INS/INSSE) — Tempo-Online, Romania",Good,2023,
Russian Federation,24/10/1945,RU,94752,,,49400,41800,3552,https://rosstat.gov.ru/bgd/regl/b17_12/Main.htm,"Federal State Statistics Service (Rosstat), Russia",Okay,2016,
Rwanda,18/09/1962,RW,4842,1559,3283,387,243,268,https://www.mineduc.gov.rw/index.php?eID=dumpFile&t=f&f=70540&token=39669c8607fe9bcc6b5d44f46ec879a4d4bc5634,"Ministry of Education (MINEDUC), Rwanda",Good,2022,
Saint Kitts and Nevis,23/09/1983,KN,112,,,83,17,7,https://www.education.gov.kn/directory/#1603476397353-c24a3a81-2ca2,"Ministry of Education — Schools Directory, Saint Kitts and Nevis",Good,2024,
Saint Lucia,18/09/1979,LC,222,,,129,71,22,https://stats.gov.lc/wp-content/uploads/2021/06/Saint-Lucia-Annual-Statistical-Digest-2020.pdf,"Central Statistical Office (CSO) — Annual Statistical Digest, Saint Lucia",Good,2020,Sunstone map
Saint Vincent and the Grenadines,16/09/1980,VC,86,,,,60,26,https://education.gov.vc/education/index.php?option=com_content&view=article&id=2&Itemid=141,"Ministry of Education, Saint Vincent and the Grenadines",Good,,
Samoa,15/12/1976,WS,338,168,47,123,173,42,https://www.mesc.gov.ws/wp-content/uploads/2024/03/Digest-2023-Final-v3.pdf,"Ministry of Education, Sports and Culture (MESC) — Education Statistical Digest, Samoa",Good,2023,
San Marino,2/3/1992,SM,29,,,14,15,,https://www.istruzioneecultura.sm/pub1/IstruzioneSM/Istruzione/OSSERVATORIO-SCOLASTICO/ArchivioOsservatorio.html,"Segreteria di Stato per l'Istruzione e la Cultura — Osservatorio Scolastico, San Marino",Good,2022-23,
Sao Tome and Principe,16/09/1975,ST,255,222,33,123,94,38,https://www.ine.st/index.php/component/phocadownload/category/58-educacao,"Instituto Nacional de Estatística (INE), São Tomé and Príncipe",Okay,2020-21,
Saudi Arabia,24/10/1945,SA,36442,,,,,,https://departments.moe.gov.sa/Statistics/Educationstatistics/Pages/GEStats.aspx,"Ministry of Education — General Education Statistics, Saudi Arabia",Good,2021,
Senegal,28/09/1960,SN,1171,461,710,,,,https://senegal.opendataforafrica.org/ufdyocd/1-r%C3%A9partition-des-%C3%A9coles-par-cycle-d-enseignement-par-acad%C3%A9mie-et-par-statut?accesskey=npwnboc,Open Data for Africa — Senegal (ANSD data),Okay,2023,
Serbia,1/11/2000,RS,2435,2108,327,,,,https://eurydice.eacea.ec.europa.eu/national-education-systems/serbia/statistics-educational-institutions,"Eurydice Network, European Commission — Serbia",Good,2023-24,
Seychelles,21/09/1976,SC,37,,,,25,12,https://edu.gov.sc/schools/,"Ministry of Education, Seychelles",Okay,2024,
Sierra Leone,27/09/1961,SL,12466,2012,2073,1999,7458,3009,https://sl.education-os.org/reports/census/facilities,"Ministry of Basic and Senior Secondary Education — Education Data Hub (Annual School Census), Sierra Leone",Good,2022,
Singapore,21/09/1965,SG,336,320,16,,177,132,https://tablebuilder.singstat.gov.sg/table/TS/M850631,Department of Statistics Singapore (SingStat) — TableBuilder,Good,2023,
Slovakia,19/01/1993,SK,5884,4890,994,3155,2060,669,https://eurydice.eacea.ec.europa.eu/national-education-systems/slovakia/statistics-educational-institutions,"Eurydice Network, European Commission — Slovakia",Excel,2024,
Slovenia,22/05/1992,SI,808,699,109,205,456,147,https://eurydice.eacea.ec.europa.eu/national-education-systems/slovenia/statistics-educational-institutions,"Eurydice Network, European Commission — Slovenia",Excel,2022,
Solomon Islands,19/09/1978,SB,1708,,,511,800,397,"https://www.sibconline.com.sb/minister-tanaganda-1708-schools-operational-in-si/#:~:text=A%20total%20of%201708%20schools,operational%20in%20the%20Solomon%20Islands.","Solomon Islands Broadcasting Corporation (SIBC Online) — news article, Solomon Islands",Okay,2023,
Somalia,20/09/1960,SO,2632,916,1716,,1713,919,https://moe.gov.so/wp-content/uploads/2022/06/Annual-Statisitics-Yearbook-2021-Final.pdf,"Federal Ministry of Education, Culture and Higher Education — Annual Statistics Yearbook, Somalia",Good,2020-21,
South Africa,7/11/1945,ZA,25574,23718,1856,,,,https://www.education.gov.za/Portals/0/Documents/Publications/Education%20Statistic%20SA%202016.pdf?ver=2018-11-01-095102-947,"Department of Basic Education — Education Statistics, South Africa",Good,2016,
South Sudan,14/07/2011,SS,6438,3881,2557,,,,https://mogei.gov.ss/super/assets/documents/resources/2023%20Nat-Education%20Census%20Basic%20Summary%20Report_Final.pdf,"Ministry of General Education and Instruction (MoGEI) — National Education Census, South Sudan",Good,2023,
Spain,14/12/1955,ES,28342,19135,9107,8910,10695,5065,https://eurydice.eacea.ec.europa.eu/national-education-systems/spain/statistics-educational-institutions,"Eurydice Network, European Commission — Spain",Good,2022,
Sri Lanka,14/12/1955,LK,11095,10152,943,,,,https://nhrdc.gov.lk/nhrdc/media/attachments/2023/05/09/stat-bulletine-on-edu-2022-for-web_compressed.pdf,"National Human Resources Development Council (NHRDC) — Statistical Bulletin on Education, Sri Lanka",Good,2022,
Sudan,12/11/1956,SD,19369,,,,,,https://data.humdata.org/dataset/sudan-schools/resource/8f39a8df-555a-4ceb-9983-82d286e232ab,Humanitarian Data Exchange (HDX) — Sudan Schools Dataset (OCHA),Good,,
Suriname,4/12/1975,SR,562,,,3,,,https://gov.sr/wp-content/uploads/2022/07/Onderwijs-Jaarboek_Onderwijsstatistieken-en-Indicatoren-2020.pdf,Government of Suriname (gov.sr) — Onderwijs Jaarboek (Education Yearbook),Excel,2020-21,
Sweden,19/11/1946,SE,19471,14790,4681,12662,5277,1532,https://eurydice.eacea.ec.europa.eu/national-education-systems/sweden/statistics-educational-institutions,"Eurydice Network, European Commission — Sweden",Excel,2024,Excel - ISCED
Switzerland,10/9/2002,CH,12320,,,5432,4612,2276,"https://www.bfs.admin.ch/bfs/en/home/statistics/education-science/educational-institutions/schools-educational-level.html#:~:text=In%20autumn%202022%2F23%20there,pupils%20at%20lower%20secondary%20level.","Federal Statistical Office (Bundesamt für Statistik, BFS/FSO), Switzerland",Excel,2022-23,
Syrian Arab Republic,24/10/1945,SY,13478,,,,,,http://cbssyr.sy/yearbook/2017/chapter11-EN.htm,"Central Bureau of Statistics (CBS) — Statistical Yearbook, Syria",Excel,2016,
Tajikistan,2/3/1992,TJ,4676,,,678,3920,78,http://data.stat.tj/Home/index2/9?lang=tj,Agency on Statistics under the President of the Republic of Tajikistan,Good,2020,
Thailand,15/12/1946,TH,36712,,,,,,https://www.bic.moe.go.th/images/stories/book/ed-eng-series/intro-ed08.pdf,"Bureau of International Cooperation (BIC), Ministry of Education, Thailand",Okay,2007,
Timor-Leste,27/09/2002,TL,1943,1522,421,476,1293,174,https://www.moe.gov.tl/me/projetu-best/download/8-dadus-estatistiku/365-18-actual-number-of-schools-basic-education-or-secondary-education-2022,"Ministério da Educação — Dados Estatísticos, Timor-Leste",Excel,2022,
Togo,20/09/1960,TG,15194,,,,,,"https://togo.opendataforafrica.org/irgeaef/r%C3%A9partition-des-%C3%A9coles-et-salles-de-classes-du-primaire-par-ordre
https://togo.opendataforafrica.org/mxhzsrg/r%C3%A9partition-des-%C3%A9tablissements-et-salles-de-classes-du-pr%C3%A9scolaire-par-ordre 
https://togo.opendataforafrica.org/zontfle/r%C3%A9partition-des-%C3%A9tablissements-et-salles-de-classes-du-1er-cycle-du-secondaire-g%C3%A9n%C3%A9ral-par-ordre 
https://togo.opendataforafrica.org/vvhugic/r%C3%A9partition-des-%C3%A9tablissements-salles-de-classes-du-2%C3%A8-cycle-du-secondaire-g%C3%A9n%C3%A9ral-par-ordre ",Open Data for Africa — Togo,Good,2022,
Tonga,14/09/1999,TO,183,,,,,,https://pacific-data.sprep.org/resource/tonga-school-locations-table,Pacific Data Hub (SPREP — Secretariat of the Pacific Regional Environment Programme) — Tonga,Okay,2024,
Trinidad and Tobago,18/09/1962,TT,1641,774,867,841,601,199,https://cso.gov.tt/subjects/population-and-vital-statistics/education-statistics/,"Central Statistical Office (CSO), Trinidad and Tobago",Excel,2018-19,
Tunisia,12/11/1956,TN,9735,8555,1180,2426,5252,2057,http://www.edunet.tn/article_education/statistiques/stat2022_2023/stat_scolaire.pdf,"Ministère de l'Éducation — Edunet (Statistiques Scolaires), Tunisia",Re-check,2022-23,
Turkey,24/10/1945,TR,87705,,,,,,https://biruni.tuik.gov.tr/medas/?kn=153&locale=en,Turkish Statistical Institute (TÜİK) — MEDAS Database,Re-check,2018-19,
Turkmenistan,2/3/1992,TM,,,,,,,,,,,
Tuvalu,5/9/2000,TV,30,,,,,,https://pacific-data.sprep.org/resource/tuvalu-school-locations-table,Pacific Data Hub (SPREP — Secretariat of the Pacific Regional Environment Programme) — Tuvalu,Okay,2024,
Uganda,25/10/1962,UG,30785,13303,,7210,20305,3266,https://www.education.go.ug/wp-content/uploads/2019/08/Abstract-2017.pdf,"Ministry of Education and Sports — Education Abstract, Uganda",Good,2017,
Ukraine,24/10/1945,UA,31868,,,,,,https://mon.gov.ua/en/tag/preschool-education?&type=all&tag=Preschool%20Education,"Ministry of Education and Science (MON), Ukraine",Excel,2017,
United Arab Emirates,9/12/1971,AE,11830,,,,,,https://opendata.fcsc.gov.ae/@ministry-education/schools-zone-school-category-school-stage,"Federal Competitiveness and Statistics Centre (FCSC) — Open Data, United Arab Emirates",Excel,2022,
United Kingdom,24/10/1945,GB,32149,,,,,,https://explore-education-statistics.service.gov.uk/data-tables/permalink/83e20124-f36f-48c1-0677-08dd2a8ad990,"Department for Education — Explore Education Statistics, United Kingdom",Excel,2024,
United Republic of Tanzania,14/12/1961,TZ,47409,40971,6438,20607,20533,6269,https://www.tamisemi.go.tz/singleministers/regional-best-2024,"President's Office — Regional Administration and Local Government (PO-RALG / TAMISEMI), Tanzania",Good,2024,
United States of America,24/10/1945,US,129538,107299,22239,,,,"https://public.opendatasoft.com/explore/dataset/us-public-schools/table/?location=3,13.15438,-104.32617&basemap=jawg.light","Opendatasoft Public Catalog — U.S. Public Schools Dataset (based on NCES data), United States",Good,2023,
Uruguay,18/12/1945,UY,4222,2934,1288,272,2469,1481,https://www.gub.uy/ministerio-educacion-cultura/datos-y-estadisticas/datos/anuario-estadistico-educacion-2022,"Ministerio de Educación y Cultura (MEC) — Anuario Estadístico de Educación, Uruguay",Excel,2022,
Uzbekistan,2/3/1992,UZ,10289,10154,135,,56,10144,https://stat.uz/images/uploads/reliz2021/umumtalim-maktab_060622_en.pdf,State Committee on Statistics of the Republic of Uzbekistan,Good,2021-22,
Vanuatu,15/09/1981,VU,1472,476,,876,482,114,https://education.gov.vu/docs/statistics/2020%20MoET%20Education%20Statistics%20Report_2020.pdf,"Ministry of Education and Training (MoET) — Education Statistics Report, Vanuatu",Excel,2020,
Venezuela,15/11/1945,VE,29442,24411,5001,,,,http://www.ine.gob.ve/index.php?option=com_content&view=category&id=64&Itemid=39#,"Instituto Nacional de Estadística (INE), Venezuela",Okay,2017-18,
Vietnam,20/09/1977,VN,26247,,,,12527,11685,https://www.gso.gov.vn/en/education/,"General Statistics Office (GSO), Vietnam",Excel,2020-21,
Yemen,30/09/1947,YE,16034,,,,,,https://documents1.worldbank.org/curated/en/947361505978236964/pdf/119783-BRI-PUBLIC-SABER-SAA-Yemen-Report-final-formatted.pdf,World Bank — SABER Country Report: Yemen,Okay,2015,
Zambia,1/12/1964,ZM,10731,,,,9441,1290,https://www.edu.gov.zm/wp-content/uploads/2023/01/EDUCATION-STATISTICS-BULLETIN-2020.pdf,"Ministry of Education — Education Statistics Bulletin, Zambia",Excel,2020,
Zimbabwe,25/08/1980,ZW,6400,,,,4800,1600,https://www.zimfa.gov.zw/index.php/about-us/zimbabwe-in-brief/education,Ministry of Foreign Affairs and International Trade — Zimbabwe in Brief,Good,,
,,,,,,,,,,,,,
GRAND TOTAL,,,5981024,,,,,,,,,,
,,,,,,,,,,,,,
,,,,,,,,,,,,,
Country count,,,190,,,,,,,,,,